{"columns": ["\u80a1\u7968\u7b80\u79f0", "\u6240\u5c5e\u884c\u4e1a", "\u914d\u7f6e\u6743\u91cd", "alpha", "beta", "\u9884\u671f\u6536\u76ca", "\u6536\u76ca\u5747\u503c", "\u6536\u76ca\u6807\u51c6\u5dee"], "dataset": [["\u5b89\u79d1\u751f\u7269", "\u533b\u836f\u751f\u7269I", 1.5428691522140973e-08, -0.0007279749829863532, 0.2861039122233497, -0.0013947728159650736, -0.005601598308318116, 0.02008078084197021], ["\u7231\u65bd\u5fb7", "\u5546\u4e1a\u8d38\u6613I", 0.5809947027849747, -0.0017964821626127753, 0.3037725036216294, -0.0025044586651336376, -0.0017583290282006151, 0.024637121098077645], ["\u767e\u8054\u80a1\u4efd", "\u5546\u4e1a\u8d38\u6613I", 0.4190052097861226, -0.0016043769323664811, 0.3514551650688991, -0.0024234833214960825, -0.0020663723669874347, 0.019381488729503734], ["\u957f\u57ce\u8bc1\u5238", "\u975e\u94f6\u91d1\u878dI", 2.3698582810748264e-08, -0.0008045708805480327, 0.21918123015559865, -0.0013153977621576428, -0.006962472525902327, 0.029636520337275842], ["\u5927\u534e\u80a1\u4efd", "\u7535\u5b50I", 1.8077459047984285e-08, -0.00026021535149780027, 0.3002643441265373, -0.0009600156877758014, -0.006895253674640626, 0.028589237656990122], ["\u5b89\u4fe1\u4fe1\u6258", "\u975e\u94f6\u91d1\u878dI", 3.022416934821757e-08, -0.0005774702749168849, 0.2382064620040745, -0.0011326376315304787, -0.00735976633057499, 0.02849599328224495]], "hangyebarNames": ["\u533b\u836f\u751f\u7269I", "\u5546\u4e1a\u8d38\u6613I", "\u7535\u5b50I", "\u975e\u94f6\u91d1\u878dI"], "hangyebarValues": [1.5428691522140973e-08, 0.9999999125710972, 1.8077459047984285e-08, 5.3922752158965836e-08], "gegubarNames": ["\u5b89\u79d1\u751f\u7269", "\u7231\u65bd\u5fb7", "\u767e\u8054\u80a1\u4efd", "\u957f\u57ce\u8bc1\u5238", "\u5927\u534e\u80a1\u4efd", "\u5b89\u4fe1\u4fe1\u6258"], "gegubarValues": [1.5428691522140973e-08, 0.5809947027849747, 0.4190052097861226, 2.3698582810748264e-08, 1.8077459047984285e-08, 3.022416934821757e-08]}